1,alignedfaces/izzy/IMG_0290.png
1,alignedfaces/izzy/IMG_0642.png
1,alignedfaces/izzy/IMG_0341.png
1,alignedfaces/izzy/IMG_0348.png
1,alignedfaces/izzy/IMG_0683.png
1,alignedfaces/izzy/IMG_0752.png
2,alignedfaces/molly/IMG_0639.png
2,alignedfaces/molly/IMG_0222.png
2,alignedfaces/molly/IMG_0718.png
2,alignedfaces/molly/IMG_0614.png
2,alignedfaces/molly/IMG_0345.png
2,alignedfaces/molly/IMG_0641.png
3,alignedfaces/tom/IMG_0471.png
3,alignedfaces/tom/IMG_0556.png
3,alignedfaces/tom/tom3.png
3,alignedfaces/tom/tom2.png
3,alignedfaces/tom/IMG_0553.png
3,alignedfaces/tom/tom1.png
